{
  "step_sizes": [
    0.5,
    0.1,
    0.05,
    0.01,
    0.005,
    0.001,
    0.0001
  ],
  "core_active": {
    "MAE": [
      0.0028635123327482143,
      0.0013884162263001854,
      0.0003495570123907554,
      1.4162270882054047e-05,
      3.6555672563193234e-06,
      2.9308617769893224e-07,
      1.544033347101515e-07
    ],
    "RMSE": [
      0.006897724366953829,
      0.0033355593546114137,
      0.000837281141425551,
      3.365955205900796e-05,
      8.5138491523417e-06,
      5.259016639105588e-07,
      2.8270539075224956e-07
    ],
    "Frobenius Norm": [
      0.016895905085398996,
      0.008170418425565136,
      0.0020509115677476786,
      8.24487275152164e-05,
      2.085458617026425e-05,
      1.2881907314615202e-06,
      6.924839548771456e-07
    ],
    "Max Abs Error": [
      0.016893456870747205,
      0.008168818594280017,
      0.002050373680257214,
      8.240882521640949e-05,
      2.082511632842945e-05,
      1.117220923921216e-06,
      6.220342167462256e-07
    ]
  },
  "active_vir": {
    "MAE": [
      NaN,
      NaN,
      NaN,
      NaN,
      NaN,
      NaN,
      NaN
    ],
    "RMSE": [
      NaN,
      NaN,
      NaN,
      NaN,
      NaN,
      NaN,
      NaN
    ],
    "Frobenius Norm": [
      0.0,
      0.0,
      0.0,
      0.0,
      0.0,
      0.0,
      0.0
    ],
    "Max Abs Error": [
      0,
      0,
      0,
      0,
      0,
      0,
      0
    ]
  },
  "core_vir": {
    "MAE": [
      NaN,
      NaN,
      NaN,
      NaN,
      NaN,
      NaN,
      NaN
    ],
    "RMSE": [
      NaN,
      NaN,
      NaN,
      NaN,
      NaN,
      NaN,
      NaN
    ],
    "Frobenius Norm": [
      0.0,
      0.0,
      0.0,
      0.0,
      0.0,
      0.0,
      0.0
    ],
    "Max Abs Error": [
      0,
      0,
      0,
      0,
      0,
      0,
      0
    ]
  }
}