{
  "step_sizes": [
    0.5,
    0.1,
    0.05,
    0.01,
    0.005,
    0.001,
    0.0001
  ],
  "core_active": {
    "MAE": [
      0.0021603349135682175,
      0.0011477596686733026,
      0.0002884247873782948,
      1.0988260476623752e-05,
      2.577496059404051e-06,
      4.838932933332469e-07,
      5.986577142252838e-07
    ],
    "RMSE": [
      0.005164429968869914,
      0.002752406574744159,
      0.0006901520067684256,
      2.672595094323344e-05,
      5.980397799599684e-06,
      8.45475952890035e-07,
      1.0794106674241185e-06
    ],
    "Frobenius Norm": [
      0.012650218236068902,
      0.0067419916728048,
      0.001690520261540485,
      6.546494270157671e-05,
      1.4648923067882516e-05,
      2.070984674373974e-06,
      2.644005358106123e-06
    ],
    "Max Abs Error": [
      0.012646277505795264,
      0.006740407385026666,
      0.0016900347251550393,
      6.546328225530331e-05,
      1.4624811311188778e-05,
      1.644412523608453e-06,
      2.3155911918074437e-06
    ]
  },
  "active_vir": {
    "MAE": [
      0.0018164876876741714,
      9.086284201192886e-05,
      2.3032461214885537e-05,
      1.2279904022786915e-06,
      6.457379933760991e-07,
      5.481838682496186e-07,
      5.441613734935832e-07
    ],
    "RMSE": [
      0.0068962850238291264,
      0.00033619297311304546,
      8.450358378961386e-05,
      3.880003465538806e-06,
      2.0758062928423455e-06,
      1.8955058286017668e-06,
      1.8951940082585316e-06
    ],
    "Frobenius Norm": [
      0.0696490646545147,
      0.0033953825921978313,
      0.0008534443617924988,
      3.918611416107115e-05,
      2.096461590564435e-05,
      1.9143670476657646e-05,
      1.914052124556126e-05
    ],
    "Max Abs Error": [
      0.03405711177224369,
      0.0017214874728566074,
      0.00042884805143472563,
      2.0267192635269482e-05,
      1.582900850395268e-05,
      1.4409161863692279e-05,
      1.435060070776777e-05
    ]
  },
  "core_vir": {
    "MAE": [
      0.011867396847672447,
      0.0006091689646073703,
      0.0001535973550924983,
      6.344736227571995e-06,
      1.7315624957347133e-06,
      2.551984607087622e-07,
      1.9430215970360778e-07
    ],
    "RMSE": [
      0.028588388478962168,
      0.0014662377843643471,
      0.0003693779721491198,
      1.4865938593103845e-05,
      3.799114440777005e-06,
      6.624136829858222e-07,
      6.357507829920152e-07
    ],
    "Frobenius Norm": [
      0.11787294536495202,
      0.006045453257205815,
      0.0015229843949472793,
      6.129383504331315e-05,
      1.566415012313296e-05,
      2.7312015828049572e-06,
      2.6212676298452106e-06
    ],
    "Max Abs Error": [
      0.08857512557126411,
      0.004540451200352171,
      0.0011438200667868066,
      4.5991289532300743e-05,
      1.1598583959928239e-05,
      2.6061553290573913e-06,
      2.6061553290573913e-06
    ]
  }
}