{
  "step_sizes": [
    0.5,
    0.1,
    0.05,
    0.01,
    0.005,
    0.001,
    0.0001
  ],
  "core_active": {
    "MAE": [
      0.0027198629093064222,
      0.0012168282494655445,
      0.00030377734911707713,
      9.640490070631633e-06,
      9.156641274254726e-07,
      2.543711086069562e-06,
      2.665327580963498e-06
    ],
    "RMSE": [
      0.006544528115815268,
      0.002917102522288851,
      0.0007262601418768395,
      2.3583465776403633e-05,
      1.7335686516546526e-06,
      5.47464546647124e-06,
      5.7626432119851695e-06
    ],
    "Frobenius Norm": [
      0.01603075449104562,
      0.007145412706993478,
      0.0017789667681195741,
      5.776745751857881e-05,
      4.2463586306385356e-06,
      1.3410087915495729e-05,
      1.411553543907678e-05
    ],
    "Max Abs Error": [
      0.016028111878251056,
      0.007143681347267633,
      0.0017784164034058301,
      5.776740813880337e-05,
      3.959351550636252e-06,
      1.3259725458053713e-05,
      1.3969974206756892e-05
    ]
  },
  "active_vir": {
    "MAE": [
      0.003791070221758928,
      0.00019629907652966253,
      4.961258241095238e-05,
      2.105024552947032e-06,
      9.337427843108073e-07,
      9.647400680537596e-07,
      9.660209940192682e-07
    ],
    "RMSE": [
      0.010694027243215151,
      0.0005386962192000308,
      0.00013503707190273386,
      4.927258407042421e-06,
      2.1359649857185185e-06,
      2.3071704173138273e-06,
      2.329817988509418e-06
    ],
    "Frobenius Norm": [
      0.06416416345929091,
      0.003232177315200185,
      0.0008102224314164032,
      2.9563550442254526e-05,
      1.281578991431111e-05,
      1.3843022503882964e-05,
      1.3978907931056508e-05
    ],
    "Max Abs Error": [
      0.04075390450821814,
      0.0020932623011837826,
      0.0005185353795944517,
      1.7935323282769326e-05,
      7.520958267959025e-06,
      1.0518158788388205e-05,
      1.0728182786581015e-05
    ]
  },
  "core_vir": {
    "MAE": [
      0.018352649083551997,
      0.0009418914317642458,
      0.00023850138250501202,
      1.1162224277532146e-05,
      4.040192809252167e-06,
      1.7609172261650054e-06,
      1.666891401974214e-06
    ],
    "RMSE": [
      0.04288510194076338,
      0.002198704242907964,
      0.0005543157305463658,
      2.2985990407049393e-05,
      6.746427162859998e-06,
      2.847283733505537e-06,
      2.789895605192258e-06
    ],
    "Frobenius Norm": [
      0.10504661732211086,
      0.005385703490416911,
      0.001357790696236687,
      5.6303947729780016e-05,
      1.6525304135859382e-05,
      6.9743923000152035e-06,
      6.8338206683543026e-06
    ],
    "Max Abs Error": [
      0.10491805867606452,
      0.00537892888392122,
      0.0013558364808474732,
      5.553167783389884e-05,
      1.4795845970639933e-05,
      6.427286258689279e-06,
      6.40092423501416e-06
    ]
  }
}