{
  "0.1": {
    "mae": 0.00010122721573248484,
    "rmse": 0.00038373939491151307,
    "frobenius_norm": 0.002486915514185449,
    "max_abs_error": 0.0020296275719299864
  },
  "1e-05": {
    "mae": 4.884795612379308e-08,
    "rmse": 2.1853540509574575e-07,
    "frobenius_norm": 1.4162712938470478e-06,
    "max_abs_error": 1.3572851016478931e-06
  }
}