{
  "0.5": {
    "mae": 0.0015218994478925704,
    "rmse": 0.005769794315452997,
    "frobenius_norm": 0.03739254084159855,
    "max_abs_error": 0.03052231616864382
  },
  "0.1": {
    "mae": 0.00010122721573318369,
    "rmse": 0.00038373939491151307,
    "frobenius_norm": 0.002486915514185449,
    "max_abs_error": 0.0020296275719299864
  },
  "0.05": {
    "mae": 2.570233057225618e-05,
    "rmse": 9.740959177721464e-05,
    "frobenius_norm": 0.0006312863058458905,
    "max_abs_error": 0.0005149186566921251
  },
  "0.01": {
    "mae": 1.0486000223953578e-06,
    "rmse": 3.94808475885812e-06,
    "frobenius_norm": 2.55865135774956e-05,
    "max_abs_error": 2.0469372899960805e-05
  },
  "0.005": {
    "mae": 2.743466385628979e-07,
    "rmse": 1.0298989324377314e-06,
    "frobenius_norm": 6.674507926696013e-06,
    "max_abs_error": 4.9411094248988285e-06
  },
  "0.001": {
    "mae": 4.2760632071307095e-08,
    "rmse": 2.272689603618932e-07,
    "frobenius_norm": 1.472871200902164e-06,
    "max_abs_error": 1.4550842037979133e-06
  },
  "0.0001": {
    "mae": 4.8499449103263716e-08,
    "rmse": 2.1891490217670842e-07,
    "frobenius_norm": 1.4187307160245698e-06,
    "max_abs_error": 1.3595588384023255e-06
  }
}